First Name,Last Name,EmailFirst Name,Last Name,Email
First Name,Last Name,Email
First Name,Last Name,Email
First Name,Last Name,Email
First Name,Last Name,Email
First Name,Last Name,Email
First Name,Last Name,Email
First Name,Last Name,Email
First Name,Last Name,Email
First Name,Last Name,Email
First Name,Last Name,Email
First Name,Last Name,Email
First Name,Last Name,Email
First Name,Last Name,Email
First Name,Last Name,Email
First Name,Last Name,Email
First Name,Last Name,Email
First Name,Last Name,Email
First Name,Last Name,Email
First Name,Last Name,Email
First Name,Last Name,Email
First Name,Last Name,Email
First Name,Last Name,Email
First Name,Last Name,Email
First Name,Last Name,Email
First Name,Last Name,Email
